00030,"[('911', 7), ('433', 7), ('1224', 6), ('880', 6), ('586', 6), ('117', 2), ('1001', 2), ('557', 2), ('328', 2), ('942', 2), ('881', 1), ('1234', 1), ('775', 1), ('492', 1), ('1084', 1), ('687', 1), ('332', 1)]"
00032,"[('184', 8), ('722', 6), ('389', 5), ('433', 5), ('586', 3), ('189', 2), ('1234', 2), ('1040', 2), ('239', 2), ('212', 2), ('999', 1), ('181', 1), ('127', 1), ('473', 1), ('735', 1), ('43', 1), ('226', 1), ('1220', 1), ('489', 1), ('315', 1), ('1093', 1), ('331', 1), ('128', 1), ('467', 1), ('882', 1), ('506', 1), ('937', 1), ('764', 1), ('370', 1), ('330', 1)]"
00089,"[('469', 8), ('176', 7), ('260', 7), ('905', 4), ('79', 4), ('912', 3), ('706', 2), ('265', 2), ('152', 2), ('177', 2), ('590', 1), ('1065', 1), ('1086', 1), ('479', 1), ('179', 1), ('778', 1), ('370', 1)]"
00044,"[('1222', 8), ('1029', 8), ('1024', 8), ('634', 8), ('743', 8), ('766', 8), ('737', 8), ('1030', 8), ('967', 8), ('765', 8), ('636', 8), ('411', 8), ('567', 8), ('574', 8), ('1055', 8), ('495', 8), ('622', 8), ('504', 8), ('750', 8), ('1059', 8), ('548', 8), ('568', 8), ('623', 8), ('786', 8), ('453', 8), ('566', 8), ('621', 8), ('1053', 8), ('312', 8), ('847', 8), ('953', 8), ('1201', 8), ('655', 8), ('44', 8), ('625', 8), ('840', 8), ('74', 8), ('873', 8), ('124', 8), ('850', 8), ('691', 8), ('973', 8), ('575', 8), ('951', 8), ('702', 8), ('53', 8), ('1202', 8), ('190', 8), ('154', 7), ('1148', 7), ('171', 7), ('390', 7), ('386', 7), ('1185', 7), ('528', 7), ('624', 7), ('561', 7), ('1160', 7), ('143', 7), ('269', 7), ('647', 6), ('858', 6), ('436', 6), ('1156', 6), ('569', 6), ('971', 6), ('236', 6), ('72', 6), ('244', 6), ('1230', 6), ('1072', 6), ('666', 5), ('415', 5), ('399', 5), ('84', 5), ('67', 5), ('235', 5), ('1146', 5), ('243', 5), ('242', 5), ('336', 5), ('570', 4), ('572', 4), ('1057', 4), ('325', 4), ('264', 4), ('841', 3), ('1231', 3), ('1142', 3), ('257', 2), ('138', 2), ('645', 2), ('83', 2), ('523', 2), ('430', 2), ('493', 2), ('106', 2), ('360', 2), ('1130', 2), ('122', 2), ('538', 1), ('1136', 1), ('371', 1), ('135', 1), ('118', 1), ('121', 1), ('125', 1), ('563', 1), ('45', 1), ('166', 1), ('108', 1), ('142', 1), ('392', 1), ('747', 1), ('503', 1), ('409', 1), ('590', 1), ('1054', 1), ('1144', 1), ('465', 1), ('1070', 1), ('856', 1), ('1139', 1), ('370', 1), ('297', 1), ('1196', 1), ('576', 1), ('1212', 1), ('961', 1), ('310', 1), ('172', 1), ('276', 1), ('875', 1), ('1157', 1), ('435', 1), ('862', 1), ('608', 1), ('767', 1), ('1210', 1), ('381', 1)]"
00039,"[('225', 8), ('971', 7), ('639', 7), ('221', 7), ('236', 7), ('85', 7), ('235', 7), ('277', 7), ('217', 7), ('218', 7), ('1139', 7), ('219', 7), ('216', 7), ('407', 7), ('560', 7), ('338', 7), ('420', 6), ('619', 6), ('1141', 6), ('249', 6), ('851', 6), ('304', 6), ('222', 6), ('83', 6), ('289', 6), ('1137', 6), ('654', 6), ('873', 6), ('470', 6), ('584', 6), ('293', 6), ('645', 5), ('1225', 5), ('1234', 5), ('412', 4), ('553', 4), ('529', 3), ('966', 3), ('263', 3), ('252', 3), ('716', 3), ('230', 3), ('1211', 3), ('356', 3), ('869', 3), ('949', 3), ('573', 3), ('1127', 3), ('505', 3), ('433', 3), ('1230', 3), ('570', 2), ('740', 2), ('1146', 2), ('342', 2), ('563', 2), ('108', 2), ('1029', 2), ('646', 2), ('738', 2), ('567', 2), ('1148', 2), ('990', 2), ('534', 2), ('404', 2), ('571', 2), ('112', 2), ('465', 2), ('510', 2), ('488', 2), ('786', 2), ('343', 2), ('307', 2), ('608', 2), ('1027', 2), ('918', 2), ('881', 2), ('564', 2), ('254', 2), ('508', 2), ('494', 2), ('702', 2), ('308', 2), ('1238', 2), ('739', 2), ('1001', 2), ('777', 2), ('746', 2), ('882', 2), ('622', 2), ('565', 1), ('776', 1), ('1140', 1), ('652', 1), ('135', 1), ('453', 1), ('532', 1), ('749', 1), ('1136', 1), ('862', 1), ('226', 1), ('647', 1), ('306', 1), ('627', 1), ('392', 1), ('503', 1), ('365', 1), ('1160', 1), ('1076', 1), ('84', 1), ('248', 1), ('744', 1), ('1209', 1), ('1194', 1), ('572', 1), ('76', 1), ('569', 1), ('942', 1), ('566', 1), ('535', 1), ('902', 1), ('1066', 1), ('621', 1), ('233', 1), ('1044', 1), ('370', 1), ('297', 1), ('1096', 1), ('1072', 1), ('244', 1), ('892', 1), ('102', 1), ('1236', 1), ('586', 1), ('490', 1), ('576', 1), ('143', 1), ('1161', 1), ('610', 1), ('1135', 1), ('530', 1), ('888', 1), ('301', 1), ('276', 1), ('3', 1), ('944', 1), ('1070', 1), ('1185', 1), ('1222', 1), ('107', 1), ('360', 1), ('849', 1), ('845', 1), ('889', 1), ('74', 1), ('1224', 1), ('1210', 1), ('1026', 1), ('729', 1), ('366', 1), ('568', 1), ('67', 1)]"
00014,"[('1100', 8), ('150', 8), ('815', 8), ('899', 8), ('852', 8), ('791', 7), ('1124', 7), ('635', 7), ('131', 7), ('462', 7), ('344', 6), ('233', 6), ('1117', 6), ('405', 6), ('1008', 6), ('417', 5), ('234', 5), ('367', 5), ('345', 5), ('616', 5), ('465', 4), ('777', 4), ('941', 3), ('1135', 3), ('602', 3), ('370', 3), ('930', 2), ('584', 2), ('1234', 2), ('419', 2), ('719', 2), ('1013', 2), ('5', 2), ('297', 1), ('92', 1), ('1000', 1), ('135', 1), ('413', 1), ('314', 1), ('695', 1), ('291', 1), ('421', 1), ('1206', 1), ('319', 1), ('662', 1), ('156', 1), ('424', 1), ('379', 1), ('356', 1), ('809', 1), ('492', 1), ('203', 1), ('89', 1), ('889', 1), ('232', 1)]"
00099,"[('268', 8), ('324', 8), ('449', 7), ('992', 5), ('1191', 2)]"
00094,"[('742', 8), ('1204', 8), ('440', 8), ('494', 8), ('536', 8), ('745', 8), ('311', 7), ('1197', 7), ('1143', 7), ('309', 7), ('955', 7), ('1199', 7), ('498', 6), ('1121', 6), ('1223', 5), ('1156', 5), ('1091', 2), ('114', 2), ('789', 2), ('209', 2), ('1092', 2), ('277', 2), ('78', 2), ('270', 2), ('571', 2), ('370', 2), ('1016', 2), ('322', 1), ('122', 1), ('435', 1), ('504', 1), ('123', 1), ('505', 1), ('282', 1), ('192', 1), ('1158', 1), ('442', 1), ('436', 1), ('1200', 1), ('533', 1), ('137', 1), ('359', 1), ('400', 1)]"
00069,"[('703', 8), ('193', 8), ('907', 8), ('363', 7), ('438', 7), ('359', 6), ('370', 5), ('1000', 4), ('1234', 3), ('944', 3), ('327', 2), ('724', 1), ('550', 1), ('837', 1), ('326', 1)]"
00005,"[('374', 8), ('875', 8), ('593', 8), ('439', 8), ('151', 8), ('503', 7), ('633', 7), ('710', 7), ('47', 7), ('499', 7), ('856', 6), ('805', 6), ('23', 6), ('1064', 6), ('533', 6), ('975', 6), ('256', 6), ('861', 6), ('498', 6), ('497', 6), ('461', 5), ('496', 5), ('1144', 5), ('370', 5), ('980', 5), ('895', 5), ('1175', 4), ('500', 4), ('511', 3), ('347', 3), ('465', 3), ('325', 3), ('990', 2), ('343', 2), ('1093', 2), ('592', 2), ('524', 2), ('731', 2), ('888', 2), ('386', 2), ('843', 2), ('889', 2), ('711', 2), ('604', 2), ('430', 2), ('867', 2), ('516', 2), ('982', 2), ('724', 2), ('114', 2), ('876', 2), ('1092', 2), ('733', 2), ('553', 2), ('1000', 2), ('420', 1), ('189', 1), ('513', 1), ('371', 1), ('135', 1), ('299', 1), ('605', 1), ('531', 1), ('1223', 1), ('437', 1), ('440', 1), ('434', 1), ('772', 1), ('226', 1), ('1188', 1), ('392', 1), ('428', 1), ('1091', 1), ('450', 1), ('763', 1), ('1156', 1), ('502', 1), ('943', 1), ('944', 1), ('590', 1), ('857', 1), ('478', 1), ('1038', 1), ('925', 1), ('935', 1), ('333', 1), ('864', 1), ('132', 1), ('1080', 1), ('1185', 1), ('1088', 1), ('669', 1), ('722', 1), ('297', 1), ('312', 1), ('139', 1), ('1040', 1), ('761', 1), ('549', 1), ('369', 1), ('427', 1), ('520', 1), ('169', 1), ('1196', 1), ('501', 1), ('1098', 1), ('197', 1), ('1226', 1), ('311', 1), ('559', 1), ('298', 1), ('701', 1), ('561', 1), ('349', 1), ('1076', 1), ('702', 1), ('265', 1), ('200', 1), ('441', 1), ('50', 1), ('729', 1), ('60', 1), ('1019', 1), ('568', 1), ('505', 1), ('779', 1), ('845', 1), ('788', 1), ('410', 1), ('750', 1), ('190', 1)]"
00077,"[('546', 8), ('1035', 8), ('1006', 8), ('754', 8), ('1012', 8), ('629', 8), ('734', 8), ('323', 8), ('27', 8), ('1034', 8), ('1220', 8), ('1153', 7), ('630', 7), ('437', 7), ('844', 7), ('195', 7), ('843', 7), ('438', 7), ('1152', 7), ('90', 6), ('327', 6), ('224', 6), ('1138', 6), ('359', 6), ('227', 5), ('1149', 5), ('939', 5), ('963', 5), ('370', 5), ('329', 4), ('1150', 4), ('1234', 4), ('128', 3), ('330', 3), ('135', 2), ('25', 2), ('542', 2), ('592', 2), ('1093', 2), ('882', 2), ('731', 2), ('1092', 2), ('845', 2), ('944', 2), ('735', 2), ('889', 2), ('990', 2), ('722', 2), ('297', 1), ('1040', 1), ('558', 1), ('586', 1), ('941', 1), ('551', 1), ('724', 1), ('197', 1), ('1188', 1), ('837', 1), ('428', 1), ('937', 1), ('267', 1), ('879', 1), ('298', 1), ('31', 1), ('912', 1), ('1134', 1), ('1232', 1), ('826', 1), ('50', 1), ('729', 1), ('226', 1), ('806', 1), ('321', 1), ('333', 1), ('550', 1), ('168', 1), ('148', 1), ('1023', 1), ('663', 1), ('1080', 1), ('839', 1), ('326', 1)]"
00080,"[('1227', 8), ('460', 8), ('458', 7), ('1078', 7), ('753', 6), ('696', 6), ('800', 4), ('1042', 3), ('945', 3), ('1234', 3), ('333', 2), ('1071', 2), ('159', 2), ('238', 2), ('1091', 1), ('912', 1), ('135', 1), ('1065', 1), ('61', 1), ('152', 1), ('453', 1), ('1179', 1), ('438', 1), ('427', 1), ('1010', 1), ('1180', 1), ('459', 1), ('452', 1), ('612', 1), ('451', 1), ('663', 1), ('330', 1), ('884', 1), ('722', 1)]"
00087,"[('228', 8), ('229', 8), ('1005', 8), ('369', 8), ('187', 8), ('1015', 7), ('432', 7), ('1060', 5), ('860', 4), ('438', 4), ('370', 4), ('590', 4), ('1134', 2), ('513', 2), ('1071', 2), ('812', 2), ('401', 2), ('819', 2), ('333', 2), ('550', 2), ('223', 2), ('631', 2), ('833', 1), ('1234', 1), ('990', 1), ('394', 1), ('1163', 1), ('632', 1), ('382', 1), ('668', 1), ('1025', 1), ('1007', 1), ('1180', 1), ('945', 1), ('1169', 1), ('1032', 1), ('485', 1), ('722', 1)]"
00018,"[('129', 7), ('205', 5), ('1016', 4), ('993', 3), ('424', 3), ('725', 3), ('660', 2), ('658', 2), ('657', 2), ('226', 2), ('935', 2), ('1162', 2), ('656', 2), ('414', 2), ('370', 2), ('994', 1), ('816', 1), ('443', 1), ('153', 1), ('642', 1), ('364', 1)]"
00078,"[('680', 8), ('1181', 8), ('320', 8), ('1111', 8), ('1021', 8), ('802', 7), ('373', 7), ('255', 7), ('159', 6), ('452', 6), ('253', 5), ('459', 5), ('686', 4), ('1091', 4), ('61', 4), ('1071', 3), ('1180', 3), ('146', 3), ('1179', 3), ('438', 3), ('370', 3), ('1090', 2), ('1081', 2), ('427', 2), ('1042', 2), ('1078', 2), ('152', 2), ('1089', 2), ('1227', 2), ('1234', 2), ('179', 2), ('1086', 2), ('1093', 2), ('556', 2), ('282', 2), ('1010', 2), ('90', 1), ('93', 1), ('460', 1), ('724', 1), ('135', 1), ('451', 1), ('82', 1), ('1112', 1), ('1065', 1), ('889', 1), ('944', 1), ('65', 1), ('731', 1), ('1118', 1), ('330', 1), ('648', 1), ('912', 1), ('1015', 1), ('734', 1), ('800', 1), ('479', 1), ('1019', 1), ('359', 1), ('184', 1), ('265', 1), ('161', 1), ('1069', 1), ('315', 1), ('321', 1), ('945', 1), ('333', 1), ('718', 1), ('238', 1), ('753', 1), ('663', 1), ('188', 1), ('838', 1), ('696', 1), ('884', 1), ('326', 1), ('722', 1)]"
00002,"[('875', 3), ('434', 2), ('592', 2), ('169', 1), ('454', 1), ('498', 1), ('499', 1)]"
00060,"[('100', 8), ('348', 8), ('1004', 8), ('698', 7), ('241', 6), ('446', 6), ('597', 5), ('587', 5), ('155', 5), ('322', 4), ('1047', 3), ('990', 3), ('1110', 3), ('1043', 3), ('1041', 3), ('267', 3), ('653', 2), ('1192', 2), ('519', 2), ('340', 2), ('17', 2), ('1046', 2), ('724', 1), ('354', 1), ('87', 1), ('1104', 1), ('1194', 1), ('764', 1), ('550', 1), ('751', 1), ('1000', 1), ('1040', 1), ('370', 1), ('722', 1)]"
00003,"[('633', 8), ('375', 7), ('139', 7), ('856', 6), ('454', 5), ('527', 5), ('440', 4), ('1144', 4), ('311', 2), ('742', 2), ('604', 2), ('370', 2), ('1196', 2), ('526', 2), ('535', 1), ('374', 1), ('733', 1), ('515', 1), ('23', 1), ('967', 1), ('347', 1), ('439', 1), ('623', 1), ('950', 1), ('584', 1), ('246', 1), ('345', 1), ('520', 1), ('40', 1), ('561', 1), ('221', 1), ('309', 1), ('854', 1), ('1172', 1), ('560', 1), ('533', 1), ('356', 1), ('1175', 1), ('524', 1), ('571', 1), ('325', 1), ('190', 1), ('1161', 1)]"
00048,"[('154', 8), ('850', 8), ('576', 8), ('568', 8), ('453', 8), ('436', 8), ('336', 8), ('1231', 7), ('523', 6), ('495', 6), ('1142', 6), ('548', 6), ('124', 6), ('257', 2), ('44', 2), ('143', 2), ('967', 2), ('493', 2), ('312', 1), ('386', 1), ('422', 1), ('765', 1), ('74', 1), ('766', 1), ('1201', 1), ('566', 1), ('786', 1), ('72', 1), ('691', 1), ('190', 1)]"
00035,"[('1109', 8), ('210', 8), ('915', 5), ('913', 4), ('811', 4), ('888', 1), ('926', 1), ('1105', 1), ('825', 1), ('1119', 1), ('120', 1), ('32', 1), ('920', 1), ('948', 1)]"
00045,"[('1159', 8), ('924', 7), ('803', 7), ('919', 7), ('338', 6), ('538', 5), ('292', 5), ('293', 5), ('289', 5), ('290', 3), ('758', 2), ('287', 2), ('1168', 1), ('278', 1), ('715', 1), ('1050', 1), ('283', 1), ('288', 1), ('286', 1), ('540', 1)]"
00058,"[('590', 8), ('983', 8), ('860', 8), ('7', 8), ('1173', 8), ('6', 8), ('1', 8), ('160', 8), ('986', 8), ('989', 8), ('987', 8), ('988', 8), ('790', 8), ('591', 8), ('178', 7), ('1170', 7), ('447', 7), ('865', 7), ('577', 7), ('778', 7), ('346', 7), ('588', 7), ('432', 7), ('223', 7), ('890', 7), ('80', 7), ('812', 7), ('347', 6), ('62', 6), ('905', 6), ('614', 6), ('917', 6), ('369', 6), ('394', 6), ('1171', 6), ('1077', 6), ('188', 6), ('271', 5), ('82', 5), ('187', 5), ('631', 5), ('229', 5), ('55', 5), ('228', 5), ('769', 5), ('874', 5), ('589', 4), ('668', 4), ('179', 4), ('63', 4), ('505', 4), ('513', 3), ('784', 3), ('200', 3), ('48', 2), ('335', 2), ('1091', 2), ('1134', 2), ('415', 2), ('282', 2), ('81', 2), ('903', 2), ('1025', 2), ('370', 2), ('1090', 1), ('990', 1), ('457', 1), ('1005', 1), ('392', 1), ('805', 1), ('1234', 1), ('748', 1), ('397', 1), ('517', 1), ('384', 1), ('402', 1), ('511', 1), ('820', 1), ('550', 1), ('485', 1), ('964', 1), ('102', 1), ('749', 1), ('427', 1), ('463', 1), ('609', 1), ('1228', 1), ('164', 1), ('912', 1), ('43', 1), ('1086', 1), ('366', 1), ('60', 1), ('111', 1), ('429', 1)]"
00095,"[('30', 6), ('603', 5), ('606', 5), ('192', 2), ('12', 1), ('322', 1), ('257', 1), ('43', 1), ('1097', 1)]"
00084,"[('160', 7), ('8', 3), ('1112', 2), ('986', 2), ('922', 2), ('333', 1), ('912', 1), ('590', 1), ('384', 1), ('1179', 1), ('1086', 1), ('837', 1), ('778', 1), ('952', 1), ('346', 1), ('555', 1)]"
00076,"[('606', 8), ('437', 7), ('1188', 7), ('1007', 4), ('438', 3), ('359', 2), ('1048', 2), ('370', 2), ('1023', 1), ('329', 1), ('1039', 1), ('1134', 1), ('882', 1), ('889', 1), ('731', 1), ('330', 1), ('1080', 1)]"
00056,"[('767', 8), ('181', 4), ('212', 4), ('1091', 3), ('292', 2), ('288', 2), ('290', 2), ('89', 2), ('185', 2), ('450', 2), ('1093', 1), ('924', 1), ('1234', 1), ('135', 1), ('1239', 1), ('972', 1), ('424', 1), ('55', 1), ('1102', 1), ('794', 1), ('123', 1), ('758', 1), ('1115', 1), ('925', 1), ('970', 1), ('432', 1), ('928', 1), ('443', 1), ('919', 1), ('414', 1), ('783', 1), ('1066', 1)]"
00085,"[('1118', 8), ('1018', 8), ('29', 6), ('202', 5), ('982', 5), ('475', 5), ('58', 4), ('200', 3), ('427', 2), ('179', 2), ('370', 2), ('941', 1), ('733', 1), ('724', 1), ('88', 1), ('912', 1), ('590', 1), ('732', 1), ('589', 1), ('983', 1), ('888', 1), ('1065', 1), ('1019', 1), ('432', 1), ('469', 1), ('98', 1), ('1022', 1), ('250', 1), ('438', 1), ('1036', 1), ('969', 1)]"
00024,"[('1109', 8), ('647', 8), ('913', 8), ('915', 6), ('926', 6), ('210', 6), ('254', 5), ('1195', 5), ('1031', 3), ('724', 2), ('552', 2), ('32', 2), ('611', 2), ('934', 1), ('559', 1), ('377', 1), ('411', 1), ('199', 1), ('522', 1), ('492', 1), ('858', 1), ('477', 1), ('1232', 1), ('1000', 1), ('677', 1), ('331', 1), ('72', 1), ('207', 1), ('240', 1), ('370', 1), ('763', 1)]"
00098,"[('728', 8), ('145', 7), ('782', 7), ('272', 5), ('180', 5), ('985', 4), ('787', 3), ('362', 2), ('667', 2), ('1118', 2), ('270', 1), ('1018', 1), ('595', 1), ('467', 1), ('1019', 1)]"
00013,"[('314', 8), ('156', 6), ('791', 6), ('695', 5), ('322', 5), ('301', 5), ('443', 4), ('902', 3), ('1124', 2), ('462', 2), ('763', 2), ('522', 1), ('715', 1), ('1097', 1), ('719', 1), ('978', 1), ('1033', 1), ('1017', 1), ('822', 1), ('764', 1), ('722', 1), ('370', 1), ('643', 1), ('900', 1)]"
00025,"[('431', 8), ('913', 8), ('647', 7), ('72', 6), ('926', 6), ('1194', 5), ('503', 5), ('411', 5), ('1195', 5), ('858', 5), ('74', 4), ('106', 4), ('465', 4), ('198', 4), ('881', 3), ('83', 3), ('569', 3), ('120', 3), ('162', 2), ('880', 2), ('432', 2), ('1156', 2), ('84', 2), ('370', 2), ('221', 1), ('977', 1), ('1031', 1), ('1210', 1), ('276', 1), ('390', 1), ('949', 1), ('855', 1), ('530', 1), ('172', 1), ('464', 1), ('392', 1), ('1027', 1), ('875', 1), ('559', 1), ('1083', 1), ('141', 1), ('915', 1), ('415', 1), ('622', 1), ('568', 1), ('505', 1), ('566', 1), ('112', 1), ('425', 1), ('550', 1), ('891', 1)]"
00065,"[('211', 8), ('437', 8), ('1073', 8), ('842', 8), ('578', 8), ('1038', 8), ('64', 8), ('144', 8), ('194', 8), ('1046', 7), ('1237', 7), ('674', 7), ('372', 7), ('24', 7), ('388', 7), ('155', 7), ('387', 7), ('192', 6), ('20', 6), ('904', 6), ('370', 6), ('1151', 6), ('885', 6), ('886', 6), ('349', 6), ('1195', 6), ('368', 6), ('699', 5), ('736', 5), ('1099', 5), ('1007', 5), ('206', 5), ('1067', 4), ('964', 4), ('606', 4), ('22', 4), ('1045', 4), ('722', 4), ('341', 3), ('87', 3), ('148', 3), ('197', 3), ('814', 3), ('17', 3), ('1048', 2), ('653', 2), ('1234', 2), ('331', 2), ('821', 2), ('550', 2), ('1092', 2), ('597', 2), ('990', 2), ('1000', 2), ('323', 2), ('93', 1), ('135', 1), ('599', 1), ('1153', 1), ('519', 1), ('322', 1), ('1188', 1), ('763', 1), ('539', 1), ('611', 1), ('386', 1), ('1232', 1), ('1164', 1), ('267', 1), ('383', 1), ('358', 1), ('587', 1), ('132', 1), ('788', 1), ('1006', 1), ('297', 1), ('546', 1), ('224', 1), ('1149', 1), ('1150', 1), ('803', 1), ('1042', 1), ('1214', 1), ('882', 1), ('227', 1), ('833', 1), ('629', 1), ('1093', 1), ('819', 1), ('543', 1), ('963', 1), ('889', 1), ('913', 1), ('238', 1)]"
00023,"[('1114', 8), ('42', 8), ('979', 8), ('34', 8), ('509', 8), ('541', 8), ('9', 7), ('10', 7), ('12', 7), ('426', 7), ('434', 6), ('859', 5), ('99', 5), ('888', 3), ('370', 3), ('716', 3), ('322', 2), ('350', 2), ('984', 2), ('582', 2), ('11', 2), ('598', 2), ('1096', 2), ('167', 1), ('162', 1), ('583', 1), ('198', 1), ('1156', 1), ('248', 1), ('163', 1), ('883', 1), ('464', 1), ('780', 1), ('285', 1), ('1163', 1)]"
00012,"[('70', 7), ('466', 6), ('443', 5), ('1115', 1), ('755', 1), ('918', 1), ('181', 1)]"
00082,"[('90', 8), ('25', 8), ('93', 8), ('321', 8), ('326', 8), ('438', 8), ('135', 7), ('546', 7), ('734', 7), ('963', 7), ('253', 6), ('1003', 6), ('359', 6), ('542', 5), ('370', 5), ('327', 4), ('1234', 4), ('159', 3), ('543', 3), ('941', 2), ('458', 2), ('31', 2), ('944', 2), ('152', 2), ('297', 1), ('331', 1), ('189', 1), ('724', 1), ('826', 1), ('1040', 1), ('586', 1), ('1150', 1), ('427', 1), ('904', 1), ('551', 1), ('952', 1), ('195', 1), ('592', 1), ('197', 1), ('882', 1), ('1078', 1), ('837', 1), ('937', 1), ('731', 1), ('879', 1), ('1092', 1), ('330', 1), ('1227', 1), ('845', 1), ('912', 1), ('1232', 1), ('990', 1), ('889', 1), ('729', 1), ('1188', 1), ('333', 1), ('1000', 1), ('550', 1), ('148', 1), ('132', 1), ('238', 1), ('722', 1)]"
00029,"[('322', 8), ('274', 8), ('300', 7), ('352', 7), ('759', 7), ('351', 7), ('832', 7), ('215', 7), ('1192', 6), ('353', 6), ('370', 5), ('477', 4), ('944', 4), ('763', 4), ('15', 4), ('722', 4), ('724', 3), ('714', 3), ('1234', 3), ('822', 3), ('350', 2), ('1040', 2), ('942', 2), ('1083', 2), ('333', 2), ('100', 1), ('687', 1), ('343', 1), ('434', 1), ('1093', 1), ('442', 1), ('937', 1), ('875', 1), ('392', 1), ('1184', 1), ('1033', 1), ('729', 1), ('553', 1), ('1000', 1), ('385', 1), ('510', 1), ('837', 1), ('764', 1), ('788', 1)]"
00067,"[('148', 7), ('914', 6), ('910', 5), ('472', 5), ('370', 4), ('1234', 2), ('724', 2), ('842', 2), ('354', 1), ('61', 1), ('473', 1), ('519', 1), ('43', 1), ('764', 1)]"
00057,"[('590', 8), ('1', 7), ('588', 6), ('223', 6), ('988', 6), ('790', 6), ('432', 5), ('987', 5), ('394', 5), ('983', 5), ('346', 5), ('905', 4), ('860', 4), ('1173', 4), ('865', 4), ('986', 4), ('778', 4), ('1095', 4), ('178', 3), ('282', 3), ('370', 3), ('1170', 2), ('1203', 2), ('1171', 2), ('1091', 2), ('890', 2), ('812', 2), ('160', 2), ('989', 2), ('188', 2), ('1090', 1), ('513', 1), ('8', 1), ('200', 1), ('447', 1), ('369', 1), ('6', 1), ('784', 1), ('79', 1), ('62', 1), ('228', 1), ('80', 1), ('11', 1), ('397', 1), ('1086', 1), ('415', 1), ('668', 1), ('177', 1), ('577', 1), ('81', 1), ('833', 1)]"
00042,"[('57', 8), ('695', 8), ('209', 8), ('585', 8), ('317', 8), ('92', 7), ('416', 7), ('505', 7), ('443', 6), ('337', 6), ('301', 5), ('245', 3), ('1085', 3), ('931', 3), ('1234', 2), ('370', 2), ('722', 2), ('297', 1), ('724', 1), ('135', 1), ('1040', 1), ('586', 1), ('1192', 1), ('601', 1), ('314', 1), ('888', 1), ('434', 1), ('770', 1), ('1187', 1), ('509', 1), ('837', 1), ('731', 1), ('763', 1), ('46', 1), ('322', 1), ('944', 1), ('719', 1), ('1033', 1), ('1093', 1), ('1232', 1), ('489', 1), ('550', 1), ('339', 1), ('1000', 1), ('822', 1), ('5', 1), ('764', 1)]"
00092,"[('00093', 9), ('145', 8), ('952', 8), ('1147', 8), ('661', 8), ('472', 8), ('258', 8), ('272', 8), ('180', 7), ('1234', 7), ('473', 7), ('1195', 7), ('783', 7), ('113', 7), ('879', 6), ('842', 5), ('213', 5), ('1232', 5), ('705', 5), ('599', 5), ('354', 4), ('135', 4), ('914', 4), ('611', 4), ('370', 4), ('238', 4), ('990', 3), ('333', 3), ('778', 3), ('934', 3), ('586', 3), ('226', 3), ('941', 2), ('930', 2), ('858', 2), ('845', 2), ('1093', 2), ('731', 2), ('763', 2), ('377', 2), ('1033', 2), ('489', 2), ('148', 2), ('764', 2), ('1020', 2), ('910', 2), ('1192', 2), ('465', 2), ('514', 2), ('999', 2), ('559', 2), ('1000', 2), ('467', 2), ('856', 1), ('940', 1), ('189', 1), ('826', 1), ('1023', 1), ('1151', 1), ('342', 1), ('1071', 1), ('1066', 1), ('1014', 1), ('653', 1), ('434', 1), ('908', 1), ('392', 1), ('1226', 1), ('837', 1), ('503', 1), ('944', 1), ('596', 1), ('735', 1), ('946', 1), ('767', 1), ('1227', 1), ('859', 1), ('550', 1), ('111', 1), ('1186', 1), ('722', 1), ('724', 1), ('687', 1), ('1040', 1), ('1031', 1), ('136', 1), ('130', 1), ('446', 1), ('692', 1), ('607', 1), ('873', 1), ('185', 1), ('422', 1), ('510', 1), ('1188', 1), ('193', 1), ('671', 1), ('824', 1), ('888', 1), ('479', 1), ('915', 1), ('804', 1), ('181', 1), ('43', 1), ('200', 1), ('429', 1), ('729', 1), ('806', 1), ('1233', 1), ('17', 1), ('926', 1), ('838', 1), ('492', 1), ('883', 1), ('822', 1), ('889', 1), ('839', 1), ('788', 1), ('643', 1)]"
00026,"[('1144', 8), ('281', 8), ('199', 8), ('431', 8), ('1061', 8), ('617', 8), ('104', 7), ('610', 7), ('807', 6), ('1166', 6), ('285', 6), ('665', 5), ('1194', 5), ('328', 5), ('342', 4), ('881', 3), ('942', 3), ('774', 2), ('343', 2), ('74', 2), ('442', 2), ('713', 1), ('1195', 1), ('490', 1), ('465', 1), ('434', 1), ('333', 1), ('855', 1), ('221', 1), ('392', 1), ('488', 1), ('370', 1), ('485', 1)]"
00047,"[('163', 8), ('1165', 8), ('684', 8), ('906', 7), ('406', 7), ('505', 7), ('694', 7), ('92', 6), ('295', 6), ('209', 6), ('1058', 6), ('585', 6), ('317', 6), ('613', 5), ('508', 5), ('695', 5), ('301', 4), ('172', 3), ('998', 2), ('707', 2), ('15', 2), ('1000', 2), ('165', 2), ('245', 1), ('1132', 1), ('1192', 1), ('121', 1), ('125', 1), ('57', 1), ('208', 1), ('296', 1), ('931', 1), ('781', 1), ('279', 1), ('436', 1), ('259', 1), ('1013', 1), ('1129', 1), ('1108', 1), ('287', 1), ('928', 1), ('337', 1), ('302', 1), ('416', 1), ('286', 1), ('862', 1), ('1075', 1), ('361', 1), ('1206', 1), ('278', 1), ('1194', 1), ('283', 1), ('971', 1), ('118', 1), ('868', 1), ('183', 1), ('1106', 1), ('1107', 1), ('370', 1), ('525', 1)]"
00001,"[('533', 8), ('139', 7), ('441', 7), ('151', 6), ('461', 5), ('875', 5), ('526', 3), ('527', 2), ('440', 2), ('520', 2), ('921', 2), ('370', 2), ('922', 2), ('502', 2), ('311', 1), ('1222', 1), ('522', 1), ('742', 1), ('454', 1), ('1175', 1), ('439', 1), ('593', 1), ('1185', 1), ('503', 1), ('789', 1), ('505', 1), ('166', 1), ('827', 1), ('737', 1), ('619', 1), ('835', 1), ('392', 1), ('861', 1), ('891', 1)]"
00068,"[('1003', 8), ('543', 8), ('349', 7), ('195', 6), ('206', 6), ('90', 5), ('964', 5), ('1099', 5), ('438', 5), ('904', 4), ('546', 3), ('734', 3), ('1164', 3), ('1048', 2), ('1046', 2), ('889', 2), ('1093', 2), ('341', 2), ('297', 1), ('331', 1), ('327', 1), ('826', 1), ('135', 1), ('1040', 1), ('359', 1), ('1150', 1), ('437', 1), ('882', 1), ('11', 1), ('1234', 1), ('944', 1), ('1134', 1), ('1149', 1), ('1172', 1), ('632', 1), ('358', 1), ('969', 1), ('819', 1), ('550', 1), ('838', 1), ('607', 1), ('1000', 1), ('370', 1), ('913', 1), ('64', 1)]"
00051,"[('575', 8), ('565', 8), ('444', 8), ('249', 8), ('738', 8), ('740', 8), ('569', 8), ('957', 8), ('535', 8), ('85', 8), ('741', 8), ('749', 8), ('949', 8), ('214', 8), ('921', 8), ('481', 8), ('685', 8), ('1026', 8), ('739', 8), ('950', 8), ('726', 8), ('827', 8), ('560', 8), ('746', 8), ('1208', 8), ('646', 8), ('748', 8), ('918', 8), ('141', 8), ('201', 8), ('1076', 8), ('504', 8), ('744', 8), ('1209', 8), ('572', 8), ('490', 8), ('445', 8), ('122', 8), ('225', 8), ('306', 8), ('573', 8), ('574', 8), ('564', 8), ('442', 7), ('386', 7), ('1200', 7), ('270', 7), ('305', 7), ('532', 7), ('892', 7), ('465', 7), ('235', 7), ('608', 7), ('1203', 7), ('501', 7), ('494', 7), ('137', 7), ('570', 7), ('1204', 7), ('1212', 7), ('966', 7), ('142', 7), ('304', 7), ('302', 7), ('1211', 7), ('568', 7), ('566', 7), ('112', 7), ('1236', 7), ('303', 7), ('407', 7), ('1167', 7), ('1207', 7), ('26', 7), ('605', 6), ('191', 6), ('392', 6), ('534', 6), ('681', 6), ('531', 6), ('958', 6), ('484', 6), ('529', 6), ('1044', 6), ('400', 6), ('498', 6), ('563', 6), ('829', 6), ('365', 6), ('236', 6), ('869', 6), ('1156', 6), ('528', 6), ('530', 6), ('114', 6), ('553', 6), ('1210', 5), ('1120', 5), ('84', 5), ('789', 5), ('254', 5), ('418', 5), ('370', 5), ('1196', 5), ('1238', 5), ('325', 5), ('67', 5), ('72', 5), ('419', 5), ('864', 5), ('308', 5), ('277', 5), ('366', 5), ('954', 5), ('19', 4), ('383', 4), ('1024', 4), ('107', 4), ('18', 4), ('521', 4), ('44', 4), ('279', 3), ('430', 3), ('1074', 3), ('307', 3), ('636', 3), ('415', 3), ('511', 3), ('333', 3), ('360', 3), ('562', 3), ('417', 2), ('590', 2), ('196', 2), ('1091', 2), ('503', 2), ('1234', 2), ('517', 2), ('493', 2), ('639', 2), ('124', 2), ('281', 2), ('779', 2), ('102', 2), ('956', 2), ('925', 2), ('391', 2), ('1070', 2), ('856', 2), ('891', 2), ('297', 2), ('675', 2), ('337', 2), ('264', 2), ('865', 2), ('245', 1), ('990', 1), ('14', 1), ('868', 1), ('858', 1), ('322', 1), ('345', 1), ('263', 1), ('1141', 1), ('526', 1), ('62', 1), ('222', 1), ('502', 1), ('857', 1), ('1', 1), ('55', 1), ('495', 1), ('548', 1), ('289', 1), ('510', 1), ('488', 1), ('576', 1), ('881', 1), ('1135', 1), ('218', 1), ('221', 1), ('571', 1), ('311', 1), ('219', 1), ('733', 1), ('216', 1), ('51', 1), ('435', 1), ('866', 1), ('852', 1), ('933', 1), ('505', 1), ('1202', 1), ('190', 1), ('643', 1), ('66', 1), ('135', 1), ('200', 1), ('343', 1), ('437', 1), ('589', 1), ('440', 1), ('252', 1), ('745', 1), ('108', 1), ('737', 1), ('828', 1), ('1139', 1), ('747', 1), ('793', 1), ('83', 1), ('230', 1), ('1057', 1), ('402', 1), ('1199', 1), ('1127', 1), ('905', 1), ('847', 1), ('625', 1), ('936', 1), ('382', 1), ('1065', 1), ('217', 1), ('707', 1), ('276', 1), ('355', 1), ('1027', 1), ('875', 1), ('1137', 1), ('11', 1), ('991', 1), ('1079', 1), ('861', 1), ('627', 1), ('63', 1), ('177', 1), ('926', 1), ('1001', 1), ('1198', 1), ('889', 1), ('790', 1)]"
00049,"[('313', 8), ('624', 8), ('138', 8), ('1198', 8), ('143', 8), ('436', 8), ('493', 8), ('972', 8), ('953', 7), ('504', 7), ('230', 6), ('523', 6), ('625', 6), ('563', 6), ('743', 6), ('568', 6), ('393', 6), ('691', 6), ('562', 6), ('570', 2), ('749', 2), ('392', 2), ('503', 1), ('608', 1), ('586', 1), ('465', 1), ('84', 1), ('553', 1), ('440', 1), ('505', 1), ('430', 1), ('530', 1), ('566', 1), ('370', 1), ('72', 1), ('726', 1)]"
00040,"[('1234', 8), ('465', 8), ('233', 8), ('1008', 7), ('785', 7), ('404', 7), ('28', 7), ('786', 7), ('225', 7), ('405', 7), ('3', 7), ('4', 7), ('231', 7), ('77', 6), ('1100', 6), ('116', 6), ('1117', 6), ('277', 6), ('1135', 6), ('254', 6), ('815', 6), ('1124', 5), ('1137', 5), ('1139', 5), ('1193', 5), ('479', 5), ('1141', 4), ('899', 4), ('95', 4), ('941', 4), ('240', 4), ('1230', 4), ('420', 3), ('417', 3), ('294', 3), ('252', 3), ('150', 3), ('1127', 3), ('954', 2), ('1080', 2), ('370', 2), ('344', 2), ('1105', 2), ('1133', 2), ('573', 2), ('109', 2), ('508', 2), ('1052', 2), ('1160', 2), ('119', 2), ('293', 2), ('560', 2), ('1131', 2), ('151', 2), ('613', 1), ('189', 1), ('851', 1), ('236', 1), ('673', 1), ('1029', 1), ('1128', 1), ('532', 1), ('1024', 1), ('103', 1), ('645', 1), ('619', 1), ('345', 1), ('263', 1), ('249', 1), ('105', 1), ('2', 1), ('108', 1), ('616', 1), ('142', 1), ('279', 1), ('931', 1), ('392', 1), ('304', 1), ('646', 1), ('731', 1), ('35', 1), ('763', 1), ('169', 1), ('654', 1), ('1148', 1), ('735', 1), ('1027', 1), ('478', 1), ('9', 1), ('515', 1), ('956', 1), ('572', 1), ('333', 1), ('1192', 1), ('112', 1), ('1126', 1), ('535', 1), ('289', 1), ('291', 1), ('132', 1), ('510', 1), ('852', 1), ('780', 1), ('1161', 1), ('297', 1), ('1132', 1), ('1000', 1), ('869', 1), ('882', 1), ('5', 1), ('576', 1), ('413', 1), ('10', 1), ('235', 1), ('583', 1), ('173', 1), ('949', 1), ('144', 1), ('529', 1), ('351', 1), ('115', 1), ('32', 1), ('571', 1), ('849', 1), ('1146', 1), ('298', 1), ('352', 1), ('248', 1), ('76', 1), ('888', 1), ('1130', 1), ('1109', 1), ('526', 1), ('308', 1), ('434', 1), ('942', 1), ('553', 1), ('959', 1), ('17', 1), ('677', 1), ('407', 1), ('210', 1), ('198', 1), ('261', 1), ('120', 1), ('338', 1)]"
00009,"[('414', 8), ('165', 6), ('794', 4), ('1115', 3), ('992', 2), ('174', 1), ('362', 1), ('443', 1), ('370', 1), ('1040', 1)]"
00021,"[('709', 8), ('1158', 7), ('708', 7), ('1115', 6), ('251', 6), ('68', 6), ('941', 3), ('98', 3), ('443', 2), ('1098', 2), ('719', 2), ('97', 2), ('1189', 1), ('181', 1), ('416', 1), ('756', 1), ('413', 1), ('551', 1), ('615', 1), ('757', 1), ('434', 1), ('751', 1), ('932', 1), ('676', 1), ('722', 1)]"
00019,"[('897', 8), ('626', 8), ('487', 8), ('693', 8), ('1103', 8), ('618', 8), ('506', 8), ('688', 8), ('1049', 7), ('672', 7), ('21', 6), ('432', 6), ('359', 3), ('370', 2), ('936', 1), ('1129', 1), ('944', 1), ('49', 1), ('398', 1), ('455', 1), ('1000', 1), ('1205', 1)]"
00055,"[('521', 8), ('432', 7), ('530', 7), ('820', 6), ('391', 4), ('1205', 4), ('828', 4), ('890', 2), ('358', 2), ('463', 2), ('505', 2), ('779', 2), ('1070', 2), ('232', 2), ('640', 2), ('675', 1), ('847', 1), ('347', 1), ('749', 1), ('1056', 1), ('70', 1), ('430', 1), ('1156', 1), ('305', 1)]"
00027,"[('599', 8), ('905', 7), ('98', 4), ('756', 2), ('1096', 2), ('913', 2), ('1083', 1), ('912', 1), ('179', 1), ('1000', 1), ('858', 1)]"
00053,"[('987', 7), ('447', 6), ('432', 6), ('401', 5), ('1170', 4), ('1229', 3), ('577', 3), ('1228', 3), ('11', 2), ('590', 2), ('347', 2), ('767', 2), ('917', 1), ('228', 1), ('1', 1), ('160', 1), ('55', 1), ('505', 1), ('81', 1), ('509', 1), ('370', 1), ('188', 1), ('223', 1)]"
00010,"[('581', 8), ('157', 8), ('413', 8), ('878', 7), ('1218', 7), ('1115', 7), ('676', 7), ('30', 6), ('296', 6), ('170', 5), ('443', 4), ('728', 3), ('1239', 3), ('126', 2), ('782', 2), ('370', 2), ('941', 1), ('715', 1), ('1234', 1), ('835', 1), ('758', 1), ('322', 1), ('301', 1), ('1215', 1), ('722', 1)]"
00081,"[('734', 8), ('321', 8), ('546', 7), ('1092', 6), ('542', 5), ('438', 5), ('370', 4), ('90', 3), ('326', 3), ('941', 2), ('990', 2), ('31', 1), ('944', 1), ('135', 1), ('1134', 1), ('586', 1), ('1232', 1), ('253', 1), ('729', 1), ('551', 1), ('195', 1), ('1234', 1), ('592', 1), ('550', 1), ('93', 1), ('132', 1), ('359', 1), ('731', 1)]"
00064,"[('437', 8), ('842', 8), ('814', 8), ('22', 8), ('1038', 8), ('1195', 8), ('372', 8), ('64', 5), ('17', 3), ('370', 3), ('844', 2), ('1093', 2), ('144', 2), ('197', 2), ('1091', 2), ('963', 2), ('20', 2), ('1000', 2), ('148', 2), ('550', 2), ('889', 2), ('1067', 1), ('698', 1), ('24', 1), ('724', 1), ('590', 1), ('1071', 1), ('605', 1), ('382', 1), ('1033', 1), ('322', 1), ('606', 1), ('907', 1), ('331', 1), ('882', 1), ('267', 1), ('227', 1), ('768', 1), ('944', 1), ('349', 1), ('155', 1), ('674', 1), ('160', 1), ('434', 1), ('358', 1), ('1188', 1), ('1076', 1), ('472', 1), ('703', 1), ('722', 1)]"
00097,"[('757', 8), ('539', 8), ('751', 5), ('416', 2), ('140', 2), ('538', 1), ('68', 1), ('52', 1), ('135', 1), ('190', 1), ('392', 1)]"
00037,"[('1008', 8), ('380', 8), ('877', 8), ('1014', 8), ('318', 8), ('1176', 8), ('697', 8), ('717', 8), ('1028', 8), ('482', 8), ('600', 8), ('175', 8), ('849', 8), ('1126', 8), ('465', 8), ('225', 8), ('38', 8), ('483', 8), ('234', 8), ('491', 8), ('158', 8), ('946', 8), ('1133', 8), ('33', 8), ('379', 8), ('815', 8), ('492', 8), ('131', 8), ('930', 7), ('835', 7), ('1178', 7), ('712', 7), ('378', 7), ('35', 7), ('203', 7), ('991', 7), ('1174', 7), ('817', 7), ('1128', 7), ('831', 7), ('1182', 7), ('120', 7), ('1234', 6), ('280', 6), ('1131', 6), ('476', 6), ('470', 6), ('3', 6), ('247', 6), ('28', 5), ('319', 5), ('627', 5), ('942', 5), ('333', 4), ('866', 4), ('71', 4), ('933', 4), ('774', 3), ('871', 3), ('1135', 3), ('76', 3), ('1011', 3), ('231', 3), ('370', 3), ('334', 2), ('428', 2), ('731', 2), ('65', 2), ('238', 2), ('941', 1), ('776', 1), ('342', 1), ('345', 1), ('1130', 1), ('294', 1), ('711', 1), ('392', 1), ('944', 1), ('596', 1), ('220', 1), ('291', 1), ('510', 1), ('1080', 1), ('233', 1), ('150', 1), ('514', 1), ('443', 1), ('119', 1), ('148', 1), ('403', 1), ('116', 1), ('671', 1), ('888', 1), ('4', 1), ('721', 1), ('818', 1), ('512', 1), ('433', 1)]"
00063,"[('463', 8), ('1155', 8), ('429', 8), ('347', 6), ('499', 6), ('1229', 5), ('976', 5), ('1228', 5), ('1171', 4), ('1192', 4), ('434', 4), ('805', 2), ('322', 2), ('592', 2), ('374', 1), ('698', 1), ('23', 1), ('724', 1), ('980', 1), ('1040', 1), ('500', 1), ('490', 1), ('1', 1), ('63', 1), ('803', 1), ('437', 1), ('821', 1), ('505', 1), ('166', 1), ('501', 1), ('763', 1), ('922', 1), ('62', 1), ('1091', 1), ('438', 1), ('704', 1), ('370', 1), ('669', 1), ('502', 1)]"
00054,"[('964', 8), ('228', 8), ('211', 8), ('382', 8), ('432', 8), ('819', 8), ('11', 8), ('229', 8), ('358', 8), ('1060', 8), ('1005', 7), ('1048', 7), ('904', 7), ('1007', 7), ('631', 7), ('1163', 7), ('402', 7), ('812', 7), ('1169', 7), ('369', 6), ('223', 6), ('485', 6), ('1134', 6), ('632', 6), ('401', 5), ('394', 5), ('917', 5), ('488', 5), ('1164', 4), ('577', 4), ('341', 3), ('513', 3), ('716', 3), ('347', 3), ('187', 3), ('941', 2), ('990', 2), ('590', 2), ('860', 2), ('1003', 2), ('1013', 2), ('552', 2), ('626', 2), ('767', 2), ('55', 2), ('333', 2), ('505', 2), ('613', 1), ('1171', 1), ('1192', 1), ('1237', 1), ('905', 1), ('771', 1), ('793', 1), ('23', 1), ('806', 1), ('547', 1), ('550', 1), ('1099', 1), ('607', 1), ('206', 1), ('790', 1)]"
00017,"[('1101', 7), ('49', 7), ('688', 7), ('791', 6), ('810', 6), ('662', 5), ('89', 5), ('1103', 4), ('357', 4), ('359', 4), ('816', 3), ('428', 3), ('370', 3), ('941', 2), ('443', 2), ('301', 2), ('153', 2), ('882', 2), ('731', 2), ('944', 2), ('735', 2), ('889', 2), ('1088', 2), ('643', 2), ('730', 2), ('297', 1), ('189', 1), ('135', 1), ('298', 1), ('233', 1), ('722', 1), ('845', 1), ('1115', 1), ('1187', 1), ('128', 1), ('837', 1), ('506', 1), ('937', 1), ('450', 1), ('938', 1), ('1234', 1), ('897', 1), ('1040', 1), ('101', 1), ('1080', 1), ('729', 1), ('1069', 1), ('660', 1), ('1000', 1), ('333', 1), ('238', 1), ('1023', 1), ('132', 1), ('330', 1), ('839', 1)]"
00022,"[('13', 8), ('130', 8), ('276', 8), ('692', 8), ('258', 7), ('898', 7), ('1083', 6), ('262', 6), ('764', 6), ('473', 5), ('1194', 5), ('704', 5), ('431', 5), ('478', 5), ('880', 4), ('908', 4), ('1156', 4), ('370', 4), ('1114', 3), ('671', 3), ('503', 3), ('881', 3), ('843', 3), ('39', 3), ('788', 3), ('590', 2), ('871', 2), ('512', 2), ('654', 2), ('888', 2), ('882', 2), ('731', 2), ('774', 2), ('845', 2), ('237', 2), ('1166', 2), ('342', 2), ('1000', 2), ('514', 2), ('510', 2), ('343', 2), ('104', 1), ('1144', 1), ('189', 1), ('946', 1), ('350', 1), ('1040', 1), ('586', 1), ('682', 1), ('322', 1), ('729', 1), ('365', 1), ('1093', 1), ('221', 1), ('1195', 1), ('197', 1), ('464', 1), ('392', 1), ('69', 1), ('942', 1), ('968', 1), ('735', 1), ('247', 1), ('325', 1), ('713', 1), ('1033', 1), ('226', 1), ('333', 1), ('67', 1), ('465', 1)]"
00070,"[('1009', 8), ('1104', 8), ('804', 8), ('698', 8), ('340', 8), ('1032', 8), ('438', 6), ('370', 5), ('1234', 4), ('1000', 4), ('944', 3), ('327', 2), ('1232', 1), ('17', 1), ('837', 1), ('722', 1), ('952', 1)]"
00061,"[('605', 8), ('437', 8), ('196', 8), ('195', 8), ('501', 8), ('502', 8), ('685', 8), ('383', 8), ('505', 8), ('754', 7), ('969', 7), ('1079', 6), ('531', 6), ('490', 4), ('370', 4), ('465', 4), ('481', 3), ('498', 3), ('432', 3), ('570', 2), ('590', 2), ('511', 2), ('10', 2), ('1093', 2), ('882', 2), ('990', 2), ('200', 2), ('1092', 2), ('532', 1), ('565', 1), ('1236', 1), ('847', 1), ('741', 1), ('347', 1), ('427', 1), ('980', 1), ('668', 1), ('434', 1), ('726', 1), ('1098', 1), ('197', 1), ('944', 1), ('187', 1), ('62', 1), ('875', 1), ('738', 1), ('763', 1), ('298', 1), ('114', 1), ('1234', 1), ('865', 1), ('63', 1), ('912', 1), ('1207', 1), ('517', 1), ('735', 1), ('1040', 1), ('439', 1), ('767', 1), ('358', 1), ('226', 1), ('1188', 1), ('739', 1), ('500', 1), ('535', 1), ('864', 1), ('132', 1), ('827', 1), ('1208', 1), ('56', 1)]"
00043,"[('140', 8), ('125', 8), ('504', 8), ('440', 8), ('960', 8), ('172', 8), ('441', 8), ('568', 8), ('66', 7), ('418', 7), ('124', 6), ('1200', 6), ('54', 5), ('370', 5), ('303', 5), ('173', 5), ('461', 4), ('921', 4), ('918', 3), ('958', 3), ('1199', 3), ('119', 3), ('522', 2), ('966', 2), ('526', 2), ('1172', 2), ('392', 2), ('967', 2), ('302', 2), ('891', 2), ('975', 2), ('484', 2), ('714', 2), ('1167', 2), ('1000', 2), ('137', 2), ('261', 2), ('575', 1), ('570', 1), ('997', 1), ('135', 1), ('694', 1), ('1094', 1), ('334', 1), ('294', 1), ('28', 1), ('693', 1), ('1209', 1), ('913', 1), ('737', 1), ('795', 1), ('655', 1), ('636', 1), ('1156', 1), ('471', 1), ('793', 1), ('758', 1), ('817', 1), ('944', 1), ('65', 1), ('199', 1), ('563', 1), ('91', 1), ('404', 1), ('490', 1), ('430', 1), ('864', 1), ('1080', 1), ('493', 1), ('308', 1), ('527', 1), ('982', 1), ('741', 1), ('307', 1), ('147', 1), ('707', 1), ('221', 1), ('301', 1), ('3', 1), ('1185', 1), ('571', 1), ('311', 1), ('733', 1), ('1184', 1), ('324', 1), ('94', 1), ('386', 1), ('4', 1), ('1093', 1), ('361', 1), ('505', 1), ('916', 1), ('818', 1), ('1216', 1), ('1121', 1), ('560', 1), ('889', 1), ('562', 1)]"
00073,"[('844', 8), ('843', 8), ('50', 8), ('630', 8), ('227', 8), ('629', 6), ('224', 6), ('359', 6), ('438', 6), ('370', 4), ('806', 4), ('1093', 2), ('1229', 1), ('1234', 1), ('724', 1), ('1000', 1), ('990', 1), ('1228', 1)]"
00100,"[('183', 8), ('579', 8), ('1017', 7), ('1000', 6), ('370', 5), ('833', 2), ('1232', 2), ('803', 2), ('59', 2), ('1097', 2), ('1033', 1)]"
00072,"[('732', 8), ('682', 7), ('323', 6), ('683', 5), ('58', 3), ('733', 2), ('941', 1), ('333', 1), ('1000', 1), ('1019', 1), ('250', 1), ('837', 1), ('1125', 1)]"
00066,"[('322', 8), ('1192', 8), ('429', 8), ('434', 7), ('348', 7), ('370', 7), ('100', 5), ('463', 5), ('1155', 5), ('350', 4), ('698', 4), ('340', 4), ('763', 3), ('944', 3), ('200', 3), ('17', 3), ('821', 3), ('148', 3), ('724', 2), ('736', 2), ('882', 2), ('22', 2), ('990', 2), ('558', 2), ('1194', 2), ('722', 2), ('63', 1), ('590', 1), ('13', 1), ('976', 1), ('1004', 1), ('427', 1), ('446', 1), ('10', 1), ('630', 1), ('1109', 1), ('166', 1), ('913', 1), ('1098', 1), ('187', 1), ('837', 1), ('267', 1), ('731', 1), ('1214', 1), ('771', 1), ('11', 1), ('912', 1), ('1134', 1), ('498', 1), ('1104', 1), ('1195', 1), ('1', 1), ('767', 1), ('160', 1), ('605', 1), ('969', 1), ('907', 1), ('607', 1), ('385', 1), ('1226', 1), ('155', 1), ('980', 1), ('788', 1)]"
00006,"[('31', 8), ('503', 5), ('875', 4), ('734', 2), ('1093', 2), ('975', 2), ('592', 2), ('370', 2), ('90', 1), ('805', 1), ('440', 1), ('586', 1), ('593', 1), ('25', 1), ('963', 1), ('511', 1), ('441', 1), ('195', 1), ('1092', 1), ('326', 1), ('731', 1), ('722', 1), ('922', 1), ('438', 1)]"
00050,"[('1157', 8), ('435', 8), ('495', 8), ('548', 8), ('961', 8), ('259', 8), ('848', 8), ('953', 7), ('1159', 5), ('973', 5), ('1156', 5), ('568', 2), ('440', 2), ('575', 1), ('570', 1), ('347', 1), ('829', 1), ('1160', 1), ('601', 1), ('44', 1), ('634', 1), ('543', 1), ('505', 1), ('1058', 1), ('309', 1)]"
00008,"[('23', 6), ('499', 6), ('683', 6), ('1125', 6), ('439', 2), ('503', 1), ('771', 1), ('169', 1), ('944', 1), ('710', 1), ('498', 1), ('497', 1), ('386', 1), ('605', 1), ('750', 1), ('435', 1), ('463', 1), ('322', 1), ('496', 1), ('867', 1), ('875', 1), ('370', 1)]"
00011,"[('991', 8), ('909', 8), ('796', 8), ('798', 7), ('96', 5), ('518', 4), ('428', 3), ('772', 2), ('1226', 2), ('652', 1), ('36', 1), ('835', 1), ('799', 1), ('659', 1), ('301', 1), ('908', 1), ('1119', 1), ('1178', 1), ('837', 1), ('649', 1), ('186', 1), ('46', 1)]"
00004,"[('876', 8), ('604', 8), ('711', 7), ('669', 2), ('503', 1), ('538', 1), ('539', 1), ('553', 1), ('540', 1)]"
00015,"[('422', 8), ('720', 8), ('266', 8), ('204', 8), ('443', 8), ('1192', 8), ('1184', 8), ('870', 8), ('385', 8), ('301', 7), ('752', 7), ('59', 7), ('322', 7), ('205', 7), ('601', 7), ('423', 7), ('700', 7), ('339', 7), ('1235', 6), ('690', 6), ('722', 6), ('545', 6), ('994', 6), ('99', 6), ('355', 6), ('174', 6), ('549', 6), ('364', 5), ('370', 5), ('763', 4), ('474', 4), ('410', 4), ('854', 3), ('149', 3), ('944', 3), ('1162', 3), ('1000', 3), ('863', 2), ('747', 2), ('642', 2), ('603', 2), ('990', 2), ('1016', 2), ('764', 2), ('1040', 2), ('398', 2), ('1115', 2), ('1098', 2), ('197', 2), ('1226', 2), ('725', 2), ('844', 2), ('226', 2), ('1013', 2), ('822', 2), ('900', 2), ('420', 1), ('354', 1), ('350', 1), ('135', 1), ('97', 1), ('888', 1), ('434', 1), ('1093', 1), ('792', 1), ('426', 1), ('837', 1), ('731', 1), ('1234', 1), ('611', 1), ('735', 1), ('857', 1), ('853', 1), ('1027', 1), ('767', 1), ('424', 1), ('1033', 1), ('91', 1), ('408', 1), ('550', 1), ('98', 1), ('95', 1), ('72', 1), ('297', 1), ('673', 1), ('724', 1), ('413', 1), ('816', 1), ('794', 1), ('875', 1), ('1187', 1), ('993', 1), ('657', 1), ('1195', 1), ('63', 1), ('729', 1), ('1232', 1), ('17', 1), ('232', 1), ('238', 1), ('889', 1), ('414', 1), ('833', 1), ('643', 1)]"
00036,"[('1052', 6), ('722', 6), ('612', 5), ('403', 2), ('370', 2), ('325', 1), ('721', 1), ('724', 1), ('66', 1)]"
00031,"[('760', 8), ('845', 8), ('332', 8), ('999', 8), ('557', 8), ('43', 8), ('586', 8), ('1084', 8), ('239', 8), ('467', 8), ('433', 8), ('1233', 8), ('1022', 7), ('651', 7), ('1020', 7), ('448', 7), ('1036', 6), ('938', 6), ('226', 6), ('839', 6), ('189', 5), ('127', 5), ('882', 5), ('1040', 4), ('942', 4), ('330', 4), ('1224', 4), ('370', 4), ('136', 3), ('628', 3), ('1234', 3), ('940', 2), ('168', 2), ('145', 2), ('551', 2), ('1093', 2), ('331', 2), ('937', 2), ('1187', 2), ('701', 2), ('620', 2), ('729', 2), ('1000', 2), ('722', 2), ('724', 1), ('389', 1), ('128', 1), ('69', 1), ('213', 1), ('944', 1), ('735', 1), ('762', 1), ('1232', 1), ('550', 1), ('512', 1), ('272', 1), ('359', 1), ('764', 1)]"
00091,"[('997', 8), ('182', 8), ('97', 8), ('1189', 8), ('1217', 8), ('732', 8), ('728', 8), ('722', 8), ('1219', 8), ('95', 8), ('1216', 8), ('267', 8), ('1095', 8), ('770', 8), ('700', 8), ('1226', 8), ('756', 8), ('413', 8), ('468', 8), ('781', 7), ('322', 7), ('294', 7), ('266', 7), ('965', 7), ('893', 7), ('859', 7), ('370', 7), ('759', 7), ('250', 7), ('733', 7), ('822', 7), ('381', 7), ('362', 7), ('1018', 7), ('870', 7), ('57', 7), ('787', 7), ('1177', 7), ('1118', 7), ('422', 7), ('353', 7), ('998', 7), ('801', 7), ('88', 7), ('974', 7), ('1184', 7), ('808', 7), ('475', 7), ('1000', 7), ('376', 7), ('1097', 6), ('396', 6), ('240', 6), ('98', 6), ('985', 6), ('58', 6), ('1098', 6), ('833', 6), ('552', 6), ('803', 6), ('385', 6), ('598', 6), ('364', 6), ('763', 6), ('550', 6), ('797', 6), ('615', 6), ('186', 6), ('395', 6), ('183', 6), ('603', 5), ('594', 5), ('139', 5), ('474', 5), ('682', 5), ('684', 5), ('317', 5), ('69', 5), ('59', 5), ('683', 5), ('314', 5), ('796', 5), ('174', 5), ('29', 5), ('202', 4), ('764', 4), ('466', 4), ('109', 4), ('579', 4), ('752', 4), ('784', 4), ('116', 4), ('105', 4), ('641', 4), ('103', 4), ('204', 4), ('611', 4), ('478', 4), ('900', 4), ('339', 4), ('119', 4), ('695', 4), ('1125', 4), ('872', 3), ('888', 3), ('486', 3), ('359', 3), ('772', 3), ('720', 3), ('15', 3), ('199', 3), ('990', 3), ('434', 3), ('1235', 3), ('241', 3), ('115', 3), ('799', 3), ('724', 2), ('118', 2), ('941', 2), ('1191', 2), ('40', 2), ('798', 2), ('348', 2), ('412', 2), ('1057', 2), ('601', 2), ('982', 2), ('714', 2), ('1119', 2), ('844', 2), ('4', 2), ('361', 2), ('352', 2), ('354', 2), ('1093', 2), ('1056', 2), ('100', 2), ('731', 2), ('46', 2), ('836', 2), ('935', 2), ('690', 2), ('1043', 2), ('1080', 2), ('297', 2), ('545', 2), ('791', 2), ('398', 2), ('1234', 2), ('751', 2), ('1058', 2), ('3', 2), ('559', 2), ('11', 2), ('423', 2), ('1054', 2), ('1047', 2), ('508', 2), ('17', 2), ('443', 2), ('1019', 2), ('512', 2), ('351', 2), ('538', 1), ('189', 1), ('163', 1), ('30', 1), ('8', 1), ('782', 1), ('896', 1), ('263', 1), ('1023', 1), ('913', 1), ('454', 1), ('914', 1), ('392', 1), ('1091', 1), ('287', 1), ('1186', 1), ('485', 1), ('272', 1), ('880', 1), ('768', 1), ('944', 1), ('181', 1), ('275', 1), ('719', 1), ('416', 1), ('1', 1), ('704', 1), ('762', 1), ('9', 1), ('1033', 1), ('331', 1), ('489', 1), ('278', 1), ('170', 1), ('809', 1), ('867', 1), ('32', 1), ('667', 1), ('1107', 1), ('268', 1), ('1063', 1), ('92', 1), ('244', 1), ('586', 1), ('256', 1), ('1116', 1), ('276', 1), ('248', 1), ('173', 1), ('405', 1), ('128', 1), ('301', 1), ('794', 1), ('882', 1), ('779', 1), ('582', 1), ('725', 1), ('1051', 1), ('243', 1), ('281', 1), ('33', 1), ('242', 1), ('124', 1), ('626', 1), ('431', 1), ('835', 1), ('729', 1), ('894', 1), ('993', 1), ('60', 1), ('773', 1), ('992', 1), ('767', 1), ('883', 1), ('1041', 1), ('56', 1), ('643', 1), ('854', 1), ('21', 1), ('135', 1), ('211', 1), ('13', 1), ('694', 1), ('473', 1), ('121', 1), ('834', 1), ('279', 1), ('45', 1), ('78', 1), ('166', 1), ('1106', 1), ('226', 1), ('727', 1), ('259', 1), ('428', 1), ('906', 1), ('947', 1), ('771', 1), ('648', 1), ('1134', 1), ('237', 1), ('286', 1), ('333', 1), ('134', 1), ('41', 1), ('455', 1), ('838', 1), ('122', 1), ('355', 1), ('688', 1), ('897', 1), ('1085', 1), ('673', 1), ('426', 1), ('1040', 1), ('1192', 1), ('549', 1), ('300', 1), ('735', 1), ('866', 1), ('147', 1), ('1115', 1), ('551', 1), ('1103', 1), ('642', 1), ('875', 1), ('265', 1), ('94', 1), ('264', 1), ('274', 1), ('50', 1), ('553', 1), ('1232', 1), ('283', 1), ('659', 1), ('1108', 1), ('788', 1), ('868', 1), ('562', 1), ('261', 1)]"
00074,"[('914', 8), ('910', 7), ('148', 6), ('724', 2), ('1093', 2), ('1000', 1), ('370', 1)]"
00062,"[('148', 8), ('1073', 7), ('842', 7), ('438', 7), ('370', 7), ('806', 7), ('437', 6), ('550', 6), ('722', 6), ('193', 6), ('17', 6), ('607', 6), ('192', 5), ('64', 5), ('1151', 5), ('226', 5), ('194', 5), ('155', 5), ('473', 4), ('763', 4), ('837', 4), ('736', 4), ('907', 4), ('1214', 4), ('698', 3), ('904', 3), ('331', 3), ('941', 3), ('768', 3), ('888', 3), ('348', 3), ('724', 3), ('803', 3), ('1023', 3), ('197', 3), ('882', 3), ('990', 3), ('359', 3), ('63', 3), ('1000', 3), ('354', 2), ('764', 2), ('1234', 2), ('333', 2), ('238', 2), ('1080', 2), ('297', 2), ('1040', 2), ('558', 2), ('761', 2), ('382', 2), ('889', 2), ('144', 2), ('844', 2), ('267', 2), ('845', 2), ('200', 2), ('703', 2), ('663', 2), ('822', 2), ('56', 2), ('460', 1), ('1022', 1), ('880', 1), ('590', 1), ('211', 1), ('870', 1), ('1033', 1), ('787', 1), ('322', 1), ('434', 1), ('1093', 1), ('913', 1), ('819', 1), ('458', 1), ('244', 1), ('914', 1), ('580', 1), ('62', 1), ('937', 1), ('731', 1), ('69', 1), ('539', 1), ('969', 1), ('944', 1), ('734', 1), ('237', 1), ('735', 1), ('1104', 1), ('1232', 1), ('843', 1), ('767', 1), ('160', 1), ('182', 1), ('383', 1), ('358', 1), ('1038', 1), ('821', 1), ('459', 1), ('372', 1), ('1071', 1), ('465', 1), ('321', 1), ('677', 1), ('1032', 1), ('472', 1), ('72', 1), ('964', 1), ('24', 1), ('88', 1), ('224', 1), ('586', 1), ('427', 1), ('340', 1), ('10', 1), ('551', 1), ('1042', 1), ('885', 1), ('886', 1), ('704', 1), ('330', 1), ('537', 1), ('559', 1), ('912', 1), ('349', 1), ('479', 1), ('1192', 1), ('94', 1), ('804', 1), ('43', 1), ('110', 1), ('729', 1), ('446', 1), ('879', 1), ('1195', 1), ('945', 1), ('505', 1), ('1039', 1), ('60', 1), ('486', 1), ('429', 1), ('783', 1), ('920', 1), ('643', 1)]"
00052,"[('406', 8), ('505', 1)]"
00071,"[('148', 8), ('547', 1), ('11', 1), ('56', 1), ('327', 1), ('370', 1)]"
00059,"[('223', 8), ('402', 8), ('55', 8), ('668', 8), ('989', 8), ('577', 8), ('1077', 8), ('812', 8), ('865', 7), ('401', 7), ('905', 7), ('229', 7), ('1074', 7), ('784', 7), ('432', 7), ('394', 7), ('767', 7), ('1102', 6), ('1095', 6), ('936', 6), ('397', 6), ('670', 6), ('833', 6), ('509', 6), ('284', 6), ('1025', 6), ('505', 6), ('565', 5), ('513', 5), ('365', 5), ('279', 5), ('1163', 5), ('228', 5), ('102', 5), ('214', 5), ('689', 5), ('1171', 5), ('366', 5), ('608', 5), ('790', 5), ('590', 4), ('48', 4), ('84', 4), ('191', 4), ('903', 4), ('1205', 4), ('588', 4), ('107', 4), ('1173', 4), ('347', 3), ('860', 3), ('1172', 3), ('335', 3), ('572', 3), ('574', 3), ('275', 3), ('986', 3), ('1060', 3), ('81', 3), ('370', 3), ('983', 3), ('874', 3), ('988', 3), ('447', 2), ('166', 2), ('917', 2), ('187', 2), ('62', 2), ('631', 2), ('485', 2), ('1', 2), ('415', 2), ('160', 2), ('614', 2), ('1228', 2), ('1134', 2), ('827', 2), ('122', 2), ('778', 2), ('1091', 2), ('530', 2), ('18', 2), ('1044', 2), ('80', 2), ('987', 2), ('521', 2), ('386', 2), ('63', 2), ('346', 2), ('392', 2), ('591', 2), ('245', 1), ('977', 1), ('678', 1), ('990', 1), ('1170', 1), ('444', 1), ('1005', 1), ('679', 1), ('1056', 1), ('504', 1), ('45', 1), ('164', 1), ('6', 1), ('442', 1), ('937', 1), ('524', 1), ('738', 1), ('748', 1), ('1232', 1), ('820', 1), ('333', 1), ('452', 1), ('430', 1), ('869', 1), ('465', 1), ('425', 1), ('828', 1), ('964', 1), ('306', 1), ('111', 1), ('685', 1), ('1097', 1), ('369', 1), ('427', 1), ('382', 1), ('1203', 1), ('79', 1), ('1143', 1), ('179', 1), ('1007', 1), ('1071', 1), ('11', 1), ('609', 1), ('912', 1), ('769', 1), ('200', 1), ('110', 1), ('1075', 1), ('281', 1), ('67', 1), ('607', 1), ('177', 1), ('882', 1), ('188', 1)]"
00041,"[('1106', 8), ('1107', 8), ('1190', 8), ('1108', 8), ('603', 7), ('1115', 6), ('998', 2), ('322', 1), ('941', 1), ('1184', 1), ('301', 1), ('370', 1), ('392', 1), ('296', 1), ('46', 1)]"
00096,"[('673', 8), ('454', 8), ('455', 8), ('75', 7), ('520', 2), ('526', 2), ('40', 2), ('527', 1), ('883', 1), ('9', 1), ('1087', 1), ('43', 1)]"
00033,"[('1105', 8), ('1113', 8), ('811', 8), ('91', 8), ('721', 8), ('825', 8), ('916', 8), ('612', 8), ('1052', 8), ('465', 8), ('996', 8), ('403', 7), ('1234', 7), ('1186', 7), ('920', 7), ('638', 6), ('637', 6), ('1183', 6), ('94', 6), ('927', 6), ('818', 6), ('210', 6), ('370', 6), ('797', 5), ('995', 5), ('1122', 5), ('1123', 4), ('978', 4), ('225', 3), ('888', 3), ('359', 3), ('413', 2), ('763', 2), ('1189', 2), ('404', 2), ('37', 2), ('889', 2), ('764', 2), ('297', 1), ('1215', 1), ('1072', 1), ('1098', 1), ('795', 1), ('882', 1), ('663', 1), ('65', 1), ('731', 1), ('1000', 1), ('793', 1), ('515', 1), ('719', 1), ('981', 1), ('96', 1), ('1023', 1), ('846', 1), ('822', 1), ('773', 1)]"
00079,"[('1112', 8), ('1181', 8), ('650', 7), ('320', 6), ('648', 5), ('384', 5), ('123', 5), ('438', 5), ('1082', 5), ('945', 5), ('373', 4), ('923', 4), ('359', 3), ('826', 2), ('135', 2), ('1091', 2), ('1179', 2), ('1234', 2), ('146', 2), ('944', 2), ('330', 2), ('912', 1), ('179', 1), ('829', 1), ('184', 1), ('427', 1), ('255', 1), ('333', 1), ('1023', 1), ('1065', 1), ('315', 1), ('452', 1), ('1000', 1), ('838', 1), ('75', 1), ('148', 1), ('882', 1), ('132', 1), ('663', 1), ('1010', 1), ('65', 1), ('370', 1), ('1089', 1)]"
00007,"[('371', 7), ('623', 6), ('856', 5), ('1064', 4), ('1054', 2), ('256', 2), ('439', 2), ('166', 2), ('1027', 1), ('633', 1), ('1057', 1), ('386', 1), ('857', 1), ('853', 1), ('171', 1), ('1056', 1), ('634', 1), ('45', 1), ('1059', 1), ('370', 1), ('535', 1), ('53', 1), ('831', 1), ('921', 1), ('410', 1), ('640', 1), ('669', 1), ('1161', 1)]"
00090,"[('590', 8), ('884', 8), ('176', 7), ('451', 7), ('265', 7), ('7', 7), ('177', 7), ('912', 6), ('200', 6), ('1086', 5), ('1090', 4), ('479', 4), ('260', 4), ('1091', 4), ('778', 2), ('874', 1), ('1234', 1), ('987', 1), ('160', 1), ('161', 1), ('589', 1), ('1065', 1), ('505', 1), ('1071', 1), ('763', 1), ('1089', 1), ('370', 1), ('1238', 1)]"
00038,"[('390', 8), ('1136', 7), ('1068', 7), ('14', 7), ('360', 7), ('1130', 7), ('634', 6), ('1140', 6), ('971', 6), ('465', 6), ('644', 5), ('1234', 4), ('873', 3), ('666', 2), ('1024', 2), ('882', 2), ('1146', 2), ('1148', 2), ('646', 2), ('702', 2), ('622', 2), ('990', 2), ('117', 2), ('1160', 2), ('856', 1), ('776', 1), ('444', 1), ('1066', 1), ('862', 1), ('1072', 1), ('866', 1), ('252', 1), ('573', 1), ('1029', 1), ('1230', 1), ('392', 1), ('1027', 1), ('503', 1), ('881', 1), ('76', 1), ('888', 1), ('572', 1), ('627', 1), ('729', 1), ('1059', 1), ('1075', 1), ('142', 1), ('505', 1), ('786', 1), ('1001', 1), ('510', 1), ('621', 1), ('370', 1)]"
00075,"[('316', 8), ('446', 8), ('370', 5), ('1110', 4), ('359', 4), ('241', 3), ('944', 3), ('1234', 2), ('354', 2), ('751', 2), ('587', 2), ('273', 2), ('519', 2), ('348', 2), ('597', 1), ('757', 1), ('1047', 1), ('1043', 1), ('100', 1), ('1235', 1), ('837', 1)]"
00020,"[('1066', 8), ('924', 8), ('823', 8), ('1115', 8), ('962', 8), ('1215', 8), ('540', 8), ('1168', 8), ('758', 8), ('1213', 8), ('538', 7), ('208', 7), ('207', 7), ('220', 7), ('126', 6), ('292', 5), ('287', 5), ('539', 5), ('290', 5), ('286', 5), ('278', 5), ('544', 5), ('711', 4), ('1239', 4), ('715', 3), ('288', 2), ('153', 2), ('882', 2), ('824', 2), ('1234', 2), ('970', 2), ('283', 2), ('133', 2), ('370', 2), ('443', 1), ('791', 1), ('731', 1), ('928', 1), ('944', 1), ('1189', 1), ('181', 1), ('767', 1), ('604', 1), ('1080', 1), ('919', 1), ('643', 1)]"
00086,"[('554', 8), ('271', 7), ('8', 7), ('590', 6), ('148', 6), ('110', 5), ('346', 5), ('983', 4), ('160', 4), ('370', 3), ('769', 3), ('152', 3), ('722', 3), ('1173', 2), ('1091', 2), ('763', 2), ('944', 2), ('135', 2), ('61', 2), ('990', 2), ('945', 2), ('505', 2), ('1000', 2), ('330', 2), ('238', 2), ('1090', 1), ('586', 1), ('555', 1), ('427', 1), ('1112', 1), ('952', 1), ('1181', 1), ('731', 1), ('922', 1), ('1227', 1), ('1234', 1), ('1015', 1), ('384', 1), ('1118', 1), ('200', 1), ('1033', 1), ('1086', 1), ('1077', 1), ('1232', 1), ('577', 1), ('1071', 1), ('85', 1)]"
00034,"[('637', 8), ('404', 8), ('721', 8), ('995', 8), ('817', 8), ('37', 8), ('465', 8), ('795', 8), ('846', 8), ('638', 8), ('471', 7), ('916', 7), ('403', 7), ('65', 7), ('261', 7), ('773', 6), ('225', 2), ('76', 2), ('94', 2), ('1052', 2), ('297', 1), ('825', 1), ('944', 1), ('552', 1), ('77', 1), ('135', 1), ('247', 1), ('627', 1), ('236', 1), ('941', 1), ('235', 1), ('277', 1), ('933', 1), ('1000', 1), ('818', 1), ('1186', 1), ('1023', 1), ('359', 1), ('1234', 1)]"
00088,"[('457', 8), ('614', 6), ('1091', 5), ('590', 4), ('370', 3), ('443', 2), ('678', 2), ('679', 2), ('945', 1), ('1144', 1), ('1134', 1), ('702', 1), ('990', 1), ('668', 1)]"
00083,"[('166', 7), ('1203', 6), ('432', 6), ('18', 6), ('1143', 5), ('1102', 4), ('370', 3), ('590', 2), ('767', 2), ('447', 2), ('1077', 2), ('505', 2), ('912', 1), ('609', 1), ('394', 1), ('517', 1), ('1170', 1), ('427', 1), ('668', 1), ('1074', 1), ('366', 1), ('463', 1), ('989', 1), ('430', 1), ('501', 1), ('1171', 1), ('550', 1), ('988', 1), ('187', 1), ('905', 1), ('1091', 1), ('238', 1)]"
00016,"[('301', 8), ('396', 8), ('799', 8), ('95', 8), ('443', 8), ('89', 8), ('834', 8), ('182', 8), ('466', 7), ('186', 7), ('649', 7), ('772', 7), ('727', 7), ('475', 7), ('659', 7), ('322', 6), ('376', 6), ('1017', 6), ('370', 6), ('722', 6), ('594', 6), ('993', 6), ('364', 6), ('468', 6), ('240', 5), ('872', 5), ('129', 5), ('901', 5), ('314', 5), ('1226', 5), ('522', 4), ('1154', 4), ('424', 4), ('641', 4), ('763', 4), ('46', 4), ('935', 4), ('1192', 4), ('642', 4), ('756', 4), ('518', 3), ('181', 3), ('359', 3), ('135', 3), ('428', 3), ('1016', 3), ('550', 3), ('755', 3), ('1000', 3), ('937', 2), ('658', 2), ('1234', 2), ('944', 2), ('984', 2), ('719', 2), ('660', 2), ('1002', 2), ('902', 2), ('1115', 2), ('1098', 2), ('882', 2), ('1080', 2), ('844', 2), ('298', 2), ('657', 2), ('1023', 2), ('822', 2), ('943', 2), ('643', 2), ('350', 2), ('888', 2), ('770', 2), ('582', 2), ('731', 2), ('69', 2), ('662', 2), ('478', 2), ('333', 2), ('41', 2), ('764', 2), ('1101', 2), ('791', 2), ('398', 2), ('816', 2), ('226', 2), ('889', 2), ('676', 2), ('238', 2), ('189', 1), ('288', 1), ('202', 1), ('97', 1), ('434', 1), ('331', 1), ('150', 1), ('357', 1), ('758', 1), ('1189', 1), ('656', 1), ('875', 1), ('1033', 1), ('762', 1), ('616', 1), ('489', 1), ('809', 1), ('98', 1), ('867', 1), ('708', 1), ('510', 1), ('919', 1), ('72', 1), ('205', 1), ('92', 1), ('559', 1), ('126', 1), ('723', 1), ('586', 1), ('490', 1), ('991', 1), ('10', 1), ('1135', 1), ('320', 1), ('197', 1), ('421', 1), ('725', 1), ('1051', 1), ('330', 1), ('1158', 1), ('225', 1), ('835', 1), ('729', 1), ('386', 1), ('17', 1), ('970', 1), ('5', 1), ('783', 1), ('730', 1), ('941', 1), ('292', 1), ('581', 1), ('473', 1), ('1066', 1), ('553', 1), ('1037', 1), ('837', 1), ('711', 1), ('767', 1), ('290', 1), ('990', 1), ('709', 1), ('134', 1), ('148', 1), ('132', 1), ('462', 1), ('472', 1), ('810', 1), ('168', 1), ('297', 1), ('673', 1), ('724', 1), ('893', 1), ('797', 1), ('130', 1), ('413', 1), ('994', 1), ('255', 1), ('212', 1), ('896', 1), ('932', 1), ('615', 1), ('928', 1), ('938', 1), ('715', 1), ('974', 1), ('36', 1), ('735', 1), ('870', 1), ('1232', 1), ('512', 1), ('1076', 1)]"
00046,"[('737', 8), ('51', 8), ('53', 8), ('702', 7), ('503', 7), ('516', 5), ('856', 5), ('1212', 5), ('854', 4), ('553', 3), ('410', 2), ('857', 2), ('500', 1), ('623', 1), ('568', 1), ('430', 1), ('370', 1), ('1196', 1)]"
00028,"[('477', 6), ('352', 6), ('351', 6), ('822', 6), ('759', 5), ('1083', 5), ('215', 5), ('370', 5), ('1000', 4), ('722', 4), ('724', 3), ('135', 3), ('1040', 3), ('1192', 3), ('763', 3), ('1234', 3), ('1033', 3), ('1093', 3), ('300', 2), ('942', 2), ('882', 2), ('322', 2), ('990', 2), ('1222', 1), ('586', 1), ('136', 1), ('467', 1), ('398', 1), ('274', 1), ('331', 1), ('1187', 1), ('392', 1), ('937', 1), ('875', 1), ('1226', 1), ('837', 1), ('559', 1), ('944', 1), ('611', 1), ('735', 1), ('665', 1), ('343', 1), ('729', 1), ('832', 1), ('969', 1), ('333', 1), ('134', 1), ('550', 1), ('465', 1), ('510', 1), ('913', 1)]"
